member_id,full_name,first_name,last_name,membership_type,membership_from,party
3898,Lord Aberdare,Aberdare,,,Excepted Hereditary,Crossbench
631,Baroness Adams of Craigielea,Adams,of Craigielea,,Life peer,Labour
3453,Lord Addington,Addington,,,Excepted Hereditary,Liberal Democrat
2175,Lord Adebowale,Adebowale,,,Life peer,Crossbench
3743,Lord Adonis,Adonis,,,Life peer,Labour
4689,Lord Agnew of Oulton,Agnew,of Oulton,,Life peer,Conservative
4210,Lord Ahmad of Wimbledon,Ahmad,of Wimbledon,,Life peer,Conservative
3478,Lord Alderdice,Alderdice,,,Life peer,Liberal Democrat
5394,Baroness Alexander of Cleveden,Alexander,of Cleveden,,Life peer,Labour
397,Lord Allan of Hallam,Allan,of Hallam,,Life peer,Non-affiliated
4304,Lord Allen of Kensington,Allen,of Kensington,,Life peer,Labour
3482,Lord Alli,Alli,,,Life peer,Labour
4533,Baroness Altmann,Altmann,,,Life peer,Non-affiliated
738,Lord Alton of Liverpool,Alton,of Liverpool,,Life peer,Crossbench
4921,Lord Altrincham,Altrincham,,,Excepted Hereditary,Conservative
3477,Baroness Amos,Amos,,,Life peer,Labour
4705,Lord Anderson of Ipswich,Anderson,of Ipswich,,Life peer,Crossbench
4508,Baroness Anderson of Stoke-on-Trent,Anderson,of Stoke-on-Trent,,Life peer,Labour
568,Lord Anderson of Swansea,Anderson,of Swansea,,Life peer,Labour
2534,Baroness Andrews,Andrews,,,Life peer,Labour
3474,Baroness Anelay of St Johns,Anelay,of St Johns,,Life peer,Conservative
56,Lord Arbuthnot of Edrom,Arbuthnot,of Edrom,,Life peer,Conservative
4150,Baroness Armstrong of Hill Top,Armstrong,of Hill Top,,Life peer,Labour
3433,The Earl of Arran,The,Earl of Arran,,Excepted Hereditary,Conservative
4957,Lord Ashcombe,Ashcombe,,,Excepted Hereditary,Conservative
4247,Lord Ashton of Hyde,Ashton,of Hyde,,Excepted Hereditary,Non-affiliated
2500,Baroness Ashton of Upholland,Ashton,of Upholland,,Life peer,Labour
3429,Viscount Astor,Astor,,,Excepted Hereditary,Conservative
3425,Earl Attlee,Attlee,,,Excepted Hereditary,Conservative
1511,Lord Austin of Dudley,Austin,of Dudley,,Life peer,Non-affiliated
3451,Lord Bach,Bach,,,Life peer,Labour
4987,Lord Bailey of Paddington,Bailey,of Paddington,,Life peer,Conservative
1028,Lord Baker of Dorking,Baker,of Dorking,,Life peer,Conservative
4223,Baroness Bakewell,Bakewell,,,Life peer,Labour
4285,Baroness Bakewell of Hardington Mandeville,Bakewell,of Hardington Mandeville,,Life peer,Liberal Democrat
4302,Lord Balfe,Balfe,,,Life peer,Conservative
5014,Lord Banner,Banner,,,Life peer,Conservative
5377,Lord Barber of Ainsdale,Barber,of Ainsdale,,Life peer,Labour
2501,Baroness Barker,Barker,,,Life peer,Liberal Democrat
4703,Baroness Barran,Barran,,,Life peer,Conservative
5410,Lord Barrow,Barrow,,,Life peer,Crossbench
3504,Lord Bassam of Brighton,Bassam,of Brighton,,Life peer,Labour
1091,Lord Bates,Bates,,,Life peer,Conservative
5367,Baroness Batters,Batters,,,Life peer,Crossbench
1438,Lord Beamish,Beamish,,,Life peer,Labour
328,Baroness Beckett,Beckett,,,Life peer,Labour
513,Lord Beith,Beith,,,Life peer,Liberal Democrat
4941,Lord Bellamy,Bellamy,,,Life peer,Conservative
1441,Lord Bellingham,Bellingham,,,Life peer,Conservative
4167,Baroness Benjamin,Benjamin,,,Life peer,Liberal Democrat
4719,Baroness Bennett of Manor Castle,Bennett,of Manor Castle,,Life peer,Green Party
1547,Lord Benyon,Benyon,,,Life peer,Crossbench
4036,Baroness Berger,Berger,,,Life peer,Labour
3526,Lord Berkeley,Berkeley,,,Life peer,Labour
4276,Lord Berkeley of Knighton,Berkeley,of Knighton,,Life peer,Crossbench
4218,Baroness Berridge,Berridge,,,Life peer,Conservative
4577,Baroness Bertin,Bertin,,,Life peer,Conservative
3605,Lord Best,Best,,,Life peer,Crossbench
4708,Lord Bethell,Bethell,,,Excepted Hereditary,Conservative
3832,Lord Bew,Bew,,,Life peer,Crossbench
3863,Lord Bichard,Bichard,,,Life peer,Crossbench
5380,Lord Biggar,Biggar,,,Life peer,Conservative
3809,Lord Bilimoria,Bilimoria,,,Life peer,Crossbench
2538,Baroness Billingham,Billingham,,,Life peer,Labour
4564,Lord Bird,Bird,,,Life peer,Crossbench
2533,Lord Birt,Birt,,,Life peer,Crossbench
4171,Lord Black of Brentwood,Black,of Brentwood,,Life peer,Conservative
4915,Baroness Black of Strome,Black,of Strome,,Life peer,Crossbench
3561,Baroness Blackstone,Blackstone,,,Life peer,Labour
3550,Lord Blackwell,Blackwell,,,Life peer,Conservative
4019,Baroness Blackwood of North Oxford,Blackwood,of North Oxford,,Life peer,Conservative
4912,Baroness Blake of Leeds,Blake,of Leeds,,Life peer,Labour
497,Lord Blencathra,Blencathra,,,Life peer,Conservative
4582,Baroness Bloomfield of Hinton Waldrist,Bloomfield,of Hinton Waldrist,,Life peer,Conservative
4724,Baroness Blower,Blower,,,Life peer,Labour
395,Lord Blunkett,Blunkett,,,Life peer,Labour
147,Lord Boateng,Boateng,,,Life peer,Labour
3699,Baroness Bonham-Carter of Yarnbury,Bonham-Carter,of Yarnbury,,Life peer,Liberal Democrat
5016,Lord Booth,Booth,,,Life peer,Conservative
5368,Lord Booth-Smith,Booth-Smith,,,Life peer,Conservative
4281,Lord Borwick,Borwick,,,Excepted Hereditary,Conservative
4884,Lord Botham,Botham,,,Life peer,Crossbench
106,Baroness Bottomley of Nettlestone,Bottomley,of Nettlestone,,Life peer,Conservative
4282,Lord Bourne of Aberystwyth,Bourne,of Aberystwyth,,Life peer,Conservative
5385,Baroness Bousted,Bousted,,,Life peer,Labour
4562,Baroness Bowles of Berkhamsted,Bowles,of Berkhamsted,,Life peer,Liberal Democrat
3496,Lord Bowness,Bowness,,,Life peer,Crossbench
4704,Baroness Boycott,Boycott,,,Life peer,Crossbench
452,Lord Bradley,Bradley,,,Life peer,Labour
2483,Lord Bradshaw,Bradshaw,,,Life peer,Liberal Democrat
4339,Baroness Brady,Brady,,,Life peer,Conservative
435,Lord Brady of Altrincham,Brady,of Altrincham,,Life peer,Conservative
3514,Lord Bragg,Bragg,,,Life peer,Labour
3979,Baroness Bray of Coln,Bray,of Coln,,Life peer,Conservative
2550,Lord Brennan,Brennan,,,Life peer,Non-affiliated
1400,Lord Brennan of Canton,Brennan,of Canton,,Life peer,Labour
3515,Viscount Bridgeman,Bridgeman,,,Excepted Hereditary,Conservative
4535,Lord Bridges of Headley,Bridges,of Headley,,Life peer,Conservative
4241,Baroness Brinton,Brinton,,,Life peer,Liberal Democrat
4709,The Lord Bishop of Bristol,The,Lord Bishop of Bristol,,Bishops,Bishops
3335,Lord Brooke of Alverthorpe,Brooke,of Alverthorpe,,Life peer,Labour
3333,Viscount Brookeborough,Brookeborough,,,Excepted Hereditary,Crossbench
4565,Baroness Brown of Cambridge,Brown,of Cambridge,,Life peer,Crossbench
1583,Baroness Brown of Silvertown,Brown,of Silvertown,,Life peer,Labour
3801,Lord Browne of Belmont,Browne,of Belmont,,Life peer,Democratic Unionist Party
620,Lord Browne of Ladyton,Browne,of Ladyton,,Life peer,Labour
2172,Lord Browne of Madingley,Browne,of Madingley,,Life peer,Crossbench
236,Baroness Browning,Browning,,,Life peer,Conservative
4720,Lord Brownlow of Shurlock Row,Brownlow,of Shurlock Row,,Life peer,Conservative
615,Lord Bruce of Bennachie,Bruce,of Bennachie,,Life peer,Liberal Democrat
4706,Baroness Bull,Bull,,,Life peer,Crossbench
238,Lord Burnett,Burnett,,,Life peer,Liberal Democrat
4691,Lord Burnett of Maldon,Burnett,of Maldon,,Life peer,Crossbench
3351,Lord Burns,Burns,,,Life peer,Crossbench
1567,Baroness Burt of Solihull,Burt,of Solihull,,Life peer,Liberal Democrat
3349,Baroness Buscombe,Buscombe,,,Life peer,Conservative
3337,Lord Butler of Brockwell,Butler,of Brockwell,,Life peer,Crossbench
3804,Baroness Butler-Sloss,Butler-Sloss,,,Life peer,Crossbench
4581,Lord Caine,Caine,,,Life peer,Conservative
5391,Baroness Caine of Kentish Town,Caine,of Kentish Town,,Life peer,Labour
3310,The Earl of Caithness,The,Earl of Caithness,,Excepted Hereditary,Conservative
4336,Lord Callanan,Callanan,,,Life peer,Conservative
1467,Lord Cameron of Chipping Norton,Cameron,of Chipping Norton,,Life peer,Conservative
3705,Lord Cameron of Dillington,Cameron,of Dillington,,Life peer,Crossbench
5012,Lord Cameron of Lochiel,Cameron,of Lochiel,,Life peer,Conservative
5005,Lord Camoys,Camoys,,,Excepted Hereditary,Conservative
3871,Baroness Campbell of Loughborough,Campbell,of Loughborough,,Life peer,Crossbench
627,Lord Campbell of Pittenweem,Campbell,of Pittenweem,,Life peer,Liberal Democrat
3831,Baroness Campbell of Surbiton,Campbell,of Surbiton,,Life peer,Crossbench
499,Lord Campbell-Savours,Campbell-Savours,,,Life peer,Labour
4939,Viscount Camrose,Camrose,,,Excepted Hereditary,Conservative
5390,Baroness Carberry of Muswell Hill,Carberry,of Muswell Hill,,Life peer,Labour
2205,Lord Carey of Clifton,Carey,of Clifton,,Life peer,Crossbench
1138,Lord Carlile of Berriew,Carlile,of Berriew,,Life peer,Crossbench
4712,Lord Carrington,Carrington,,,Excepted Hereditary,Crossbench
1206,Lord Carrington of Fulham,Carrington,of Fulham,,Life peer,Conservative
3680,Lord Carter of Coles,Carter,of Coles,,Life peer,Labour
4732,Lord Carter of Haslemere,Carter,of Haslemere,,Life peer,Crossbench
5408,Lord Case,Case,,,Life peer,Crossbench
4896,Baroness Casey of Blackstock,Casey,of Blackstock,,Life peer,Crossbench
5387,Baroness Cash,Cash,,,Life peer,Conservative
4340,Lord Cashman,Cashman,,,Life peer,Non-affiliated
5369,Baroness Cass,Cass,,,Life peer,Crossbench
2463,Earl Cathcart,Cathcart,,,Excepted Hereditary,Conservative
4578,Baroness Cavendish of Little Venice,Cavendish,of Little Venice,,Life peer,Crossbench
3318,Lord Chadlington,Chadlington,,,Life peer,Conservative
4579,Baroness Chakrabarti,Chakrabarti,,,Life peer,Labour
3308,Viscount Chandos,Chandos,,,Life peer,Labour
3972,Baroness Chapman of Darlington,Chapman,of Darlington,,Life peer,Labour
1946,Lord Chartres,Chartres,,,Life peer,Crossbench
4922,The Lord Bishop of Chelmsford,The,Lord Bishop of Chelmsford,,Bishops,Bishops
5407,The Lord Bishop of Chester,The,Lord Bishop of Chester,,Bishops,Bishops
4695,The Lord Bishop of Chichester,The,Lord Bishop of Chichester,,Bishops,Bishops
4330,Baroness Chisholm of Owlpen,Chisholm,of Owlpen,,Life peer,Non-affiliated
4733,Lord Choudrey,Choudrey,,,Life peer,Conservative
3395,Lord Christopher,Christopher,,,Life peer,Labour
3391,The Earl of Clancarty,The,Earl of Clancarty,,Excepted Hereditary,Crossbench
599,Baroness Clark of Calton,Clark,of Calton,,Life peer,Crossbench
525,Lord Clark of Windermere,Clark,of Windermere,,Life peer,Labour
3413,Lord Clarke of Hampstead,Clarke,of Hampstead,,Life peer,Labour
366,Lord Clarke of Nottingham,Clarke,of Nottingham,,Life peer,Conservative
3396,Lord Clement-Jones,Clement-Jones,,,Life peer,Liberal Democrat
360,Lord Coaker,Coaker,,,Life peer,Labour
4098,Baroness Coffey,Coffey,,,Life peer,Conservative
4596,Lord Colgrain,Colgrain,,,Excepted Hereditary,Conservative
4222,Lord Collins of Highbury,Collins,of Highbury,,Life peer,Labour
4248,Viscount Colville of Culross,Colville,of Culross,,Excepted Hereditary,Crossbench
4327,Lord Cooper of Windrush,Cooper,of Windrush,,Life peer,Non-affiliated
4574,The Earl of Cork and Orrery,The,Earl of Cork and Orrery,,Excepted Hereditary,Crossbench
3359,The Earl of Courtown,The,Earl of Courtown,,Excepted Hereditary,Conservative
3829,Baroness Coussins,Coussins,,,Life peer,Crossbench
5402,The Lord Bishop of Coventry,The,Lord Bishop of Coventry,,Bishops,Bishops
3364,Baroness Cox,Cox,,,Life peer,Crossbench
3385,Lord Craig of Radley,Craig,of Radley,,Life peer,Crossbench
3380,Lord Crathorne,Crathorne,,,Excepted Hereditary,Conservative
3386,Baroness Crawley,Crawley,,,Life peer,Labour
3783,Lord Crisp,Crisp,,,Life peer,Crossbench
2594,Lord Cromwell,Cromwell,,,Excepted Hereditary,Crossbench
4907,Lord Cruddas,Cruddas,,,Life peer,Conservative
181,Lord Cryer,Cryer,,,Life peer,Labour
496,Lord Cunningham of Felling,Cunningham,of Felling,,Life peer,Labour
3982,Baroness Curran,Curran,,,Life peer,Labour
2727,Lord Currie of Marylebone,Currie,of Marylebone,,Life peer,Crossbench
4250,Lord Curry of Kirkharle,Curry,of Kirkharle,,Life peer,Crossbench
4220,Lord Dannatt,Dannatt,,,Life peer,Crossbench
4734,Lord Darroch of Kew,Darroch,of Kew,,Life peer,Crossbench
3779,Lord Darzi of Denham,Darzi,of Denham,,Life peer,Non-affiliated
3781,Lord Davidson of Glen Clova,Davidson,of Glen Clova,,Life peer,Labour
4927,Baroness Davidson of Lundin Links,Davidson,of Lundin Links,,Life peer,Conservative
4893,Lord Davies of Brixton,Davies,of Brixton,,Life peer,Labour
4499,Lord Davies of Gower,Davies,of Gower,,Life peer,Conservative
4997,Lord de Clifford,de,Clifford,,Excepted Hereditary,Crossbench
2202,Lord De Mauley,De,Mauley,,Excepted Hereditary,Conservative
3808,Lord Dear,Dear,,,Life peer,Crossbench
4433,Baroness Debbonaire,Debbonaire,,,Life peer,Labour
4154,Lord Deben,Deben,,,Life peer,Conservative
3756,Baroness Deech,Deech,,,Life peer,Crossbench
4262,Lord Deighton,Deighton,,,Life peer,Conservative
4714,The Lord Bishop of Derby,The,Lord Bishop of Derby,,Bishops,Bishops
4707,The Earl of Devon,The,Earl of Devon,,Excepted Hereditary,Crossbench
2685,Lord Dholakia,Dholakia,,,Life peer,Liberal Democrat
4192,Lord Dobbs,Dobbs,,,Life peer,Conservative
1388,Lord Dodds of Duncairn,Dodds,of Duncairn,,Life peer,Democratic Unionist Party
4166,Baroness Donaghy,Donaghy,,,Life peer,Labour
2709,Lord Donoughue,Donoughue,,,Life peer,Labour
4197,Baroness Doocey,Doocey,,,Life peer,Liberal Democrat
5006,Lord Douglas-Miller,Douglas-Miller,,,Life peer,Conservative
4155,Baroness Drake,Drake,,,Life peer,Labour
3669,Lord Drayson,Drayson,,,Life peer,Labour
3709,Baroness D'Souza,D'Souza,,,Life peer,Crossbench
805,Lord Dubs,Dubs,,,Life peer,Labour
4686,Lord Duncan of Springbank,Duncan,of Springbank,,Life peer,Conservative
2735,The Earl of Dundee,The,Earl of Dundee,,Excepted Hereditary,Conservative
4534,Lord Dunlop,Dunlop,,,Life peer,Conservative
810,Lord Dykes,Dykes,,,Life peer,Crossbench
2793,Lord Eames,Eames,,,Life peer,Crossbench
4184,Baroness Eaton,Eaton,,,Life peer,Conservative
2802,Lord Eatwell,Eatwell,,,Life peer,Labour
2447,Viscount Eccles,Eccles,,,Excepted Hereditary,Conservative
2790,Baroness Eccles of Moulton,Eccles,of Moulton,,Life peer,Conservative
4958,The Earl of Effingham,The,Earl of Effingham,,Excepted Hereditary,Conservative
4367,Lord Elliott of Ballinamallard,Elliott,of Ballinamallard,,Life peer,Ulster Unionist Party
5008,Lord Elliott of Mickle Fell,Elliott,of Mickle Fell,,Life peer,Conservative
4127,Baroness Elliott of Whitburn Bay,Elliott,of Whitburn Bay,,Life peer,Labour
4216,Lord Empey,Empey,,,Life peer,Ulster Unionist Party
2804,The Earl of Erroll,The,Earl of Erroll,,Excepted Hereditary,Crossbench
4329,Baroness Evans of Bowes Park,Evans,of Bowes Park,,Life peer,Conservative
5399,Lord Evans of Guisborough,Evans,of Guisborough,,Life peer,Conservative
4081,Lord Evans of Rainow,Evans,of Rainow,,Life peer,Conservative
5376,Lord Evans of Sealand,Evans,of Sealand,,Life peer,Labour
2766,Lord Evans of Watford,Evans,of Watford,,Life peer,Labour
4348,Lord Evans of Weardale,Evans,of Weardale,,Life peer,Crossbench
2760,Lord Fairfax of Cameron,Fairfax,of Cameron,,Excepted Hereditary,Conservative
4690,Baroness Fairhead,Fairhead,,,Life peer,Crossbench
2758,Lord Falconer of Thoroton,Falconer,of Thoroton,,Life peer,Labour
3670,Baroness Falkner of Margravine,Falkner,of Margravine,,Life peer,Crossbench
4561,Baroness Fall,Fall,,,Life peer,Conservative
4321,Lord Farmer,Farmer,,,Life peer,Conservative
2472,Lord Faulkner of Worcester,Faulkner,of Worcester,,Life peer,Labour
4183,Lord Faulks,Faulks,,,Life peer,Non-affiliated
1531,Baroness Featherstone,Featherstone,,,Life peer,Liberal Democrat
4208,Lord Fellowes of West Stafford,Fellowes,of West Stafford,,Life peer,Conservative
2491,Lord Filkin,Filkin,,,Life peer,Labour
4219,Lord Fink,Fink,,,Life peer,Conservative
4283,Lord Finkelstein,Finkelstein,,,Life peer,Conservative
3609,Baroness Finlay of Llandaff,Finlay,of Llandaff,,Life peer,Crossbench
4567,Baroness Finn,Finn,,,Life peer,Conservative
4889,Baroness Fleet,Fleet,,,Life peer,Conservative
4211,Lord Flight,Flight,,,Life peer,Conservative
830,Baroness Fookes,Fookes,,,Life peer,Conservative
3791,Baroness Ford,Ford,,,Life peer,Crossbench
1141,Lord Forsyth of Drumlean,Forsyth,of Drumlean,,Life peer,Conservative
4969,Baroness Foster of Aghadrumsee,Foster,of Aghadrumsee,,Life peer,Non-affiliated
214,Lord Foster of Bath,Foster,of Bath,,Life peer,Liberal Democrat
4911,Baroness Foster of Oxton,Foster,of Oxton,,Life peer,Conservative
579,Lord Foulkes of Cumnock,Foulkes,of Cumnock,,Life peer,Labour
315,Lord Fowler,Fowler,,,Life peer,Crossbench
4322,Lord Fox,Fox,,,Life peer,Liberal Democrat
4887,Baroness Fox of Buckley,Fox,of Buckley,,Life peer,Non-affiliated
134,Lord Framlingham,Framlingham,,,Life peer,Conservative
4906,Baroness Fraser of Craigmaddie,Fraser,of Craigmaddie,,Life peer,Conservative
5026,Baroness Freeman of Steventon,Freeman,of Steventon,,Life peer,Crossbench
2593,Lord Freyberg,Freyberg,,,Excepted Hereditary,Crossbench
4879,Lord Frost,Frost,,,Life peer,Conservative
5017,Lord Fuller,Fuller,,,Life peer,Conservative
4575,Lord Gadhia,Gadhia,,,Life peer,Non-affiliated
2503,Baroness Gale,Gale,,,Life peer,Labour
3842,Baroness Garden of Frognal,Garden,of Frognal,,Life peer,Liberal Democrat
4161,Lord Gardiner of Kimble,Gardiner,of Kimble,,Life peer,Non-affiliated
337,Lord Garnier,Garnier,,,Life peer,Conservative
4986,Lord Gascoigne,Gascoigne,,,Life peer,Conservative
2595,Lord Geddes,Geddes,,,Excepted Hereditary,Conservative
4163,Lord German,German,,,Life peer,Liberal Democrat
3688,Lord Giddens,Giddens,,,Life peer,Labour
4543,Lord Gilbert of Panteg,Gilbert,of Panteg,,Life peer,Conservative
2608,The Earl of Glasgow,The,Earl of Glasgow,,Excepted Hereditary,Liberal Democrat
4240,Lord Glasman,Glasman,,,Life peer,Labour
2607,Lord Glenarthur,Glenarthur,,,Excepted Hereditary,Conservative
4540,The Lord Bishop of Gloucester,The,Lord Bishop of Gloucester,,Bishops,Bishops
4334,Lord Goddard of Stockport,Goddard,of Stockport,,Life peer,Liberal Democrat
4903,Lord Godson,Godson,,,Life peer,Conservative
4944,Baroness Gohir,Gohir,,,Life peer,Crossbench
4237,Lord Gold,Gold,,,Life peer,Conservative
4306,Baroness Goldie,Goldie,,,Life peer,Conservative
281,Baroness Golding,Golding,,,Life peer,Labour
2490,Lord Goldsmith,Goldsmith,,,Life peer,Labour
4062,Lord Goldsmith of Richmond Park,Goldsmith,of Richmond Park,,Life peer,Conservative
1471,Lord Goodman of Wycombe,Goodman,of Wycombe,,Life peer,Conservative
3602,Viscount Goschen,Goschen,,,Excepted Hereditary,Conservative
3575,Baroness Goudie,Goudie,,,Life peer,Labour
1571,Lord Gove,Gove,,,Life peer,Conservative
2496,Lord Grabiner,Grabiner,,,Life peer,Crossbench
4228,Lord Grade of Yarmouth,Grade,of Yarmouth,,Life peer,Non-affiliated
3577,Lord Grantchester,Grantchester,,,Excepted Hereditary,Labour
5396,Baroness Gray of Tottenham,Gray,of Tottenham,,Life peer,Labour
1413,Lord Grayling,Grayling,,,Life peer,Conservative
4346,Lord Green of Deddington,Green,of Deddington,,Life peer,Crossbench
4191,Lord Green of Hurstpierpoint,Green,of Hurstpierpoint,,Life peer,Crossbench
2166,Baroness Greenfield,Greenfield,,,Life peer,Crossbench
4877,Lord Greenhalgh,Greenhalgh,,,Life peer,Conservative
3569,Lord Greenway,Greenway,,,Excepted Hereditary,Crossbench
4291,Baroness Grender,Grender,,,Life peer,Liberal Democrat
3862,Baroness Grey-Thompson,Grey-Thompson,,,Life peer,Crossbench
5375,Baroness Griffin of Princethorpe,Griffin,of Princethorpe,,Life peer,Labour
3707,Lord Griffiths of Burry Port,Griffiths,of Burry Port,,Life peer,Labour
3595,Lord Griffiths of Fforestfach,Griffiths,of Fforestfach,,Life peer,Conservative
4876,Lord Grimstone of Boscobel,Grimstone,of Boscobel,,Life peer,Conservative
276,Lord Grocott,Grocott,,,Life peer,Labour
4933,The Lord Bishop of Guildford,The,Lord Bishop of Guildford,,Bishops,Bishops
5373,Baroness Gustafsson,Gustafsson,,,Life peer,Labour
3580,Lord Hacking,Hacking,,,Excepted Hereditary,Labour
349,Viscount Hailsham,Hailsham,,,Life peer,Conservative
567,Lord Hain,Hain,,,Life peer,Labour
3652,Baroness Hale of Richmond,Hale,of Richmond,,Life Peer (judicial),Crossbench
3765,Lord Hall of Birkenhead,Hall,of Birkenhead,,Life peer,Crossbench
4721,Baroness Hallett,Hallett,,,Life peer,Crossbench
3767,Lord Hameed,Hameed,,,Life peer,Crossbench
100,Lord Hamilton of Epsom,Hamilton,of Epsom,,Life peer,Conservative
105,Lord Hammond of Runnymede,Hammond,of Runnymede,,Life peer,Conservative
4951,Lord Hampton,Hampton,,,Excepted Hereditary,Crossbench
2652,Baroness Hamwee,Hamwee,,,Life peer,Liberal Democrat
4905,Lord Hannan of Kingsclere,Hannan,of Kingsclere,,Life peer,Conservative
2167,Lord Hannay of Chiswick,Hannay,of Chiswick,,Life peer,Crossbench
5021,Lord Hannett of Everton,Hannett,of Everton,,Life peer,Labour
533,Lord Hanson of Flint,Hanson,of Flint,,Life peer,Labour
2648,Viscount Hanworth,Hanworth,,,Excepted Hereditary,Labour
2647,Lord Hardie,Hardie,,,Life peer,Crossbench
4324,Baroness Harding of Winscombe,Harding,of Winscombe,,Life peer,Conservative
4928,Lord Harlech,Harlech,,,Excepted Hereditary,Conservative
150,Baroness Harman,Harman,,,Life peer,Labour
1520,Lord Harper,Harper,,,Life peer,Conservative
3813,Lord Harries of Pentregarth,Harries,of Pentregarth,,Life peer,Crossbench
4068,Lord Harrington of Watford,Harrington,of Watford,,Life peer,Non-affiliated
2671,Lord Harris of Haringey,Harris,of Haringey,,Life peer,Labour
2669,Lord Harris of Peckham,Harris,of Peckham,,Life peer,Conservative
2505,Baroness Harris of Richmond,Harris,of Richmond,,Life peer,Liberal Democrat
3944,Lord Hart of Tenby,Hart,of Tenby,,Life peer,Conservative
2665,Lord Haskel,Haskel,,,Life peer,Labour
3759,Lord Hastings of Scarisbrick,Hastings,of Scarisbrick,,Life peer,Crossbench
4296,Lord Haughey,Haughey,,,Life peer,Labour
4352,Lord Hay of Ballyore,Hay,of Ballyore,,Life peer,Democratic Unionist Party
1649,Baroness Hayman,Hayman,,,Life peer,Crossbench
4395,Baroness Hayman of Ullock,Hayman,of Ullock,,Life peer,Labour
4159,Baroness Hayter of Kentish Town,Hayter,of Kentish Town,,Life peer,Labour
863,Lord Hayward,Hayward,,,Life peer,Conservative
5024,Baroness Hazarika,Hazarika,,,Life peer,Labour
4179,Baroness Healy of Primrose Hill,Healy,of Primrose Hill,,Life peer,Labour
4331,Baroness Helic,Helic,,,Life peer,Conservative
4723,Lord Hendy,Hendy,,,Life peer,Labour
4972,Lord Hendy of Richmond Hill,Hendy,of Richmond Hill,,Life peer,Labour
2616,Lord Henley,Henley,,,Excepted Hereditary,Conservative
4189,Lord Hennessy of Nympsfield,Hennessy,of Nympsfield,,Life peer,Crossbench
1479,Lord Herbert of South Downs,Herbert,of South Downs,,Life peer,Conservative
5003,The Lord Bishop of Hereford,The,Lord Bishop of Hereford,,Bishops,Bishops
5365,Lord Hermer,Hermer,,,Life peer,Labour
94,Lord Heseltine,Heseltine,,,Life peer,Conservative
4144,Lord Hill of Oareford,Hill,of Oareford,,Life peer,Conservative
4964,Lord Hintze,Hintze,,,Life peer,Conservative
140,Baroness Hodge of Barking,Hodge,of Barking,,Life peer,Labour
4301,Baroness Hodgson of Abinger,Hodgson,of Abinger,,Life peer,Conservative
1651,Lord Hodgson of Astley Abbotts,Hodgson,of Astley Abbotts,,Life peer,Conservative
210,Baroness Hoey,Hoey,,,Life peer,Non-affiliated
2633,Lord Hoffmann,Hoffmann,,,Life Peer (judicial),Crossbench
4693,Lord Hogan-Howe,Hogan-Howe,,,Life peer,Crossbench
2632,Baroness Hogg,Hogg,,,Life peer,Crossbench
2732,Lord Hollick,Hollick,,,Life peer,Labour
4190,Baroness Hollins,Hollins,,,Life peer,Crossbench
4294,Lord Holmes of Richmond,Holmes,of Richmond,,Life peer,Conservative
2005,Baroness Hooper,Hooper,,,Life peer,Conservative
2004,Lord Hope of Craighead,Hope,of Craighead,,Life peer,Crossbench
196,Lord Horam,Horam,,,Life peer,Conservative
4991,Lord Houchen of High Leven,Houchen,of High Leven,,Life peer,Conservative
4694,Lord Houghton of Richmond,Houghton,of Richmond,,Life peer,Crossbench
82,Lord Howard of Lympne,Howard,of Lympne,,Life peer,Conservative
3674,Lord Howard of Rising,Howard,of Rising,,Life peer,Conservative
544,Lord Howarth of Newport,Howarth,of Newport,,Life peer,Labour
2000,Earl Howe,Howe,,,Excepted Hereditary,Conservative
993,Lord Howell of Guildford,Howell,of Guildford,,Life peer,Conservative
459,Baroness Hughes of Stretford,Hughes,of Stretford,,Life peer,Labour
4300,Baroness Humphreys,Humphreys,,,Life peer,Liberal Democrat
4725,Baroness Hunt of Bethnal Green,Hunt,of Bethnal Green,,Life peer,Crossbench
2024,Lord Hunt of Kings Heath,Hunt,of Kings Heath,,Life peer,Labour
994,Lord Hunt of Wirral,Hunt,of Wirral,,Life peer,Conservative
5398,Baroness Hunter of Auchenreoch,Hunter,of Auchenreoch,,Life peer,Labour
4221,Lord Hussain,Hussain,,,Life peer,Liberal Democrat
4164,Baroness Hussein-Ece,Hussein-Ece,,,Life peer,Liberal Democrat
494,Lord Hutton of Furness,Hutton,of Furness,,Life peer,Labour
1980,Lord Inglewood,Inglewood,,,Excepted Hereditary,Crossbench
1976,Lord Irvine of Lairg,Irvine,of Lairg,,Life peer,Labour
4619,Lord Jack of Courance,Jack,of Courance,,Life peer,Conservative
1551,Lord Jackson of Peterborough,Jackson,of Peterborough,,Life peer,Conservative
3799,Lord James of Blackheath,James,of Blackheath,,Life peer,Conservative
5019,Lord Jamieson,Jamieson,,,Life peer,Conservative
4337,Baroness Janke,Janke,,,Life peer,Liberal Democrat
3838,Lord Janvrin,Janvrin,,,Life peer,Crossbench
3818,Lord Jay of Ewelme,Jay,of Ewelme,,Life peer,Crossbench
1970,Baroness Jay of Paddington,Jay,of Paddington,,Life peer,Labour
4229,Baroness Jenkin of Kennington,Jenkin,of Kennington,,Life peer,Conservative
4949,Lord Johnson of Lainston,Johnson,of Lainston,,Life peer,Conservative
4039,Lord Johnson of Marylebone,Johnson,of Marylebone,,Life peer,Conservative
530,Lord Jones,Jones,,,Life peer,Labour
4297,Baroness Jones of Moulsecoomb,Jones,of Moulsecoomb,,Life peer,Green Party
5383,Lord Jones of Penybont,Jones,of Penybont,,Life peer,Labour
3792,Baroness Jones of Whitchurch,Jones,of Whitchurch,,Life peer,Labour
883,Lord Jopling,Jopling,,,Life peer,Conservative
2552,Lord Jordan,Jordan,,,Life peer,Labour
3766,Lord Kakkar,Kakkar,,,Life peer,Crossbench
4909,Lord Kamall,Kamall,,,Life peer,Conservative
5386,Lord Katz,Katz,,,Life peer,Labour
1588,Baroness Keeley,Keeley,,,Life peer,Labour
4538,Lord Keen of Elie,Keen,of Elie,,Life peer,Conservative
4988,Lord Kempsell,Kempsell,,,Life peer,Conservative
4303,Baroness Kennedy of Cradley,Kennedy,of Cradley,,Life peer,Labour
4153,Lord Kennedy of Southwark,Kennedy,of Southwark,,Life peer,Labour
1987,Baroness Kennedy of The Shaws,Kennedy,of The Shaws,,Life peer,Labour
3708,Lord Kerr of Kinlochard,Kerr,of Kinlochard,,Life peer,Crossbench
4225,Lord Kestenbaum,Kestenbaum,,,Life peer,Labour
4913,Lord Khan of Burnley,Khan,of Burnley,,Life peer,Labour
4258,Baroness Kidron,Kidron,,,Life peer,Crossbench
657,Lord Kilclooney,Kilclooney,,,Life peer,Crossbench
254,Lord King of Bridgwater,King,of Bridgwater,,Life peer,Conservative
4280,Lord King of Lothbury,King,of Lothbury,,Life peer,Crossbench
3788,Baroness Kingsmill,Kingsmill,,,Life peer,Labour
693,Lord Kinnock,Kinnock,,,Life peer,Labour
4354,The Earl of Kinnoull,The,Earl of Kinnoull,,Excepted Hereditary,Crossbench
2495,Lord Kirkham,Kirkham,,,Life peer,Conservative
891,Lord Kirkhope of Harrogate,Kirkhope,of Harrogate,,Life peer,Conservative
4160,Lord Knight of Weymouth,Knight,of Weymouth,,Life peer,Labour
1557,Baroness Kramer,Kramer,,,Life peer,Liberal Democrat
3736,Lord Krebs,Krebs,,,Life peer,Crossbench
36,Baroness Laing of Elderslie,Laing,of Elderslie,,Life peer,Conservative
2079,Lord Laming,Laming,,,Life peer,Crossbench
895,Lord Lamont of Lerwick,Lamont,of Lerwick,,Life peer,Conservative
4973,Baroness Lampard,Lampard,,,Life peer,Non-affiliated
1544,Lord Lancaster of Kimbolton,Lancaster,of Kimbolton,,Life peer,Conservative
4275,Baroness Lane-Fox of Soho,Lane-Fox,of Soho,,Life peer,Crossbench
123,Lord Lansley,Lansley,,,Life peer,Conservative
4965,Baroness Lawlor,Lawlor,,,Life peer,Conservative
4290,Baroness Lawrence of Clarendon,Lawrence,of Clarendon,,Life peer,Labour
2540,Lord Layard,Layard,,,Life peer,Labour
4960,Baroness Lea of Lymm,Lea,of Lymm,,Life peer,Conservative
4900,Lord Lebedev,Lebedev,,,Life peer,Crossbench
1132,Lord Lee of Trafford,Lee,of Trafford,,Life peer,Liberal Democrat
4349,The Lord Bishop of Leeds,The,Lord Bishop of Leeds,,Bishops,Bishops
4947,The Lord Bishop of Leicester,The,Lord Bishop of Leicester,,Bishops,Bishops
4919,The Earl of Leicester,The,Earl of Leicester,,Excepted Hereditary,Conservative
4295,Lord Leigh of Hurley,Leigh,of Hurley,,Life peer,Conservative
5382,Lord Lemos,Lemos,,,Life peer,Labour
4338,Lord Lennie,Lennie,,,Life peer,Labour
4959,Lord Leong,Leong,,,Life peer,Labour
5381,Baroness Levitt,Levitt,,,Life peer,Labour
2033,Lord Levy,Levy,,,Life peer,Labour
4202,Lord Lexden,Lexden,,,Life peer,Conservative
4954,The Lord Bishop of Lichfield,The,Lord Bishop of Lichfield,,Bishops,Bishops
573,Baroness Liddell of Coatdyke,Liddell,of Coatdyke,,Life peer,Labour
4156,Lord Liddle,Liddle,,,Life peer,Labour
68,Lord Lilley,Lilley,,,Life peer,Conservative
4319,The Lord Bishop of Lincoln,The,Lord Bishop of Lincoln,,Bishops,Bishops
2059,The Earl of Lindsay,The,Earl of Lindsay,,Excepted Hereditary,Conservative
4194,Lord Lingfield,Lingfield,,,Life peer,Conservative
4234,Baroness Lister of Burtersett,Lister,of Burtersett,,Life peer,Labour
4351,Lord Lisvane,Lisvane,,,Life peer,Crossbench
4559,Lord Livermore,Livermore,,,Life peer,Labour
2045,The Earl of Liverpool,The,Earl of Liverpool,,Excepted Hereditary,Conservative
4278,Lord Livingston of Parkhead,Livingston,of Parkhead,,Life peer,Non-affiliated
2047,Lord Londesborough,Londesborough,,,Excepted Hereditary,Crossbench
4696,The Lord Bishop of London,The,Lord Bishop of London,,Bishops,Bishops
5392,Baroness Longfield,Longfield,,,Life peer,Labour
4209,Lord Loomba,Loomba,,,Life peer,Crossbench
3803,Lord Low of Dalston,Low,of Dalston,,Life peer,Crossbench
1879,Lord Lucas,Lucas,,,Excepted Hereditary,Conservative
1867,Baroness Ludford,Ludford,,,Life peer,Liberal Democrat
4550,Lord Lupton,Lupton,,,Life peer,Non-affiliated
1864,The Earl of Lytton,The,Earl of Lytton,,Excepted Hereditary,Crossbench
4172,Lord Macdonald of River Glaven,Macdonald,of River Glaven,,Life peer,Crossbench
1881,Lord Mackenzie of Framwellgate,Mackenzie,of Framwellgate,,Life peer,Non-affiliated
4529,Lord Mackinlay of Richborough,Mackinlay,of Richborough,,Life peer,Conservative
4668,Baroness Maclean of Redditch,Maclean,of Redditch,,Life peer,Conservative
4586,Lord Macpherson of Earl's Court,Macpherson,of Earl's Court,,Life peer,Crossbench
4227,Lord Magan of Castletown,Magan,of Castletown,,Life peer,Conservative
4563,Lord Mair,Mair,,,Life peer,Crossbench
1846,Baroness Mallalieu,Mallalieu,,,Life peer,Labour
3754,Lord Mance,Mance,,,Life Peer (judicial),Crossbench
4878,The Lord Bishop of Manchester,The,Lord Bishop of Manchester,,Bishops,Bishops
1833,Lord Mancroft,Mancroft,,,Excepted Hereditary,Conservative
1387,Lord Mann,Mann,,,Life peer,Labour
3857,Baroness Manningham-Buller,Manningham-Buller,,,Life peer,Crossbench
4289,Baroness Manzoor,Manzoor,,,Life peer,Conservative
4948,Lord Markham,Markham,,,Life peer,Conservative
5018,Lord Marks of Hale,Marks,of Hale,,Life peer,Conservative
4206,Lord Marks of Henley-on-Thames,Marks,of Henley-on-Thames,,Life peer,Liberal Democrat
3797,Lord Marland,Marland,,,Life peer,Conservative
5405,Lord Massey of Hampstead,Massey,of Hampstead,,Life peer,Conservative
5395,Baroness Mattinson,Mattinson,,,Life peer,Labour
115,Lord Maude of Horsham,Maude,of Horsham,,Life peer,Conservative
3830,Lord Mawson,Mawson,,,Life peer,Crossbench
8,Baroness May of Maidenhead,May,of Maidenhead,,Life peer,Conservative
298,Lord McCabe,McCabe,,,Life peer,Labour
1892,Lord McColl of Dulwich,McColl,of Dulwich,,Life peer,Conservative
4168,Lord McConnell of Glenscorrodale,McConnell,of Glenscorrodale,,Life peer,Labour
655,Lord McCrea of Magherafelt and Cookstown,McCrea,of Magherafelt and Cookstown,,Life peer,Democratic Unionist Party
4908,Lord McDonald of Salford,McDonald,of Salford,,Life peer,Crossbench
4148,Lord McFall of Alcluith,McFall,of Alcluith,,Life peer,Lord Speaker
4554,Baroness McGregor-Smith,McGregor-Smith,,,Life peer,Non-affiliated
4576,Lord McInnes of Kilwinning,McInnes,of Kilwinning,,Life peer,Conservative
2506,Baroness McIntosh of Hudnall,McIntosh,of Hudnall,,Life peer,Labour
384,Baroness McIntosh of Pickering,McIntosh,of Pickering,,Life peer,Conservative
333,Lord McLoughlin,McLoughlin,,,Life peer,Conservative
919,Lord McNally,McNally,,,Life peer,Liberal Democrat
4702,Lord McNicol of West Kilbride,McNicol,of West Kilbride,,Life peer,Labour
3810,Baroness Meacher,Meacher,,,Life peer,Crossbench
4286,Lord Mendelsohn,Mendelsohn,,,Life peer,Labour
4890,Lord Mendoza,Mendoza,,,Life peer,Conservative
347,Baroness Merron,Merron,,,Life peer,Labour
1940,Lord Meston,Meston,,,Excepted Hereditary,Crossbench
4699,Baroness Meyer,Meyer,,,Life peer,Conservative
1934,Baroness Miller of Chilthorne Domer,Miller,of Chilthorne Domer,,Life peer,Liberal Democrat
4952,The Earl of Minto,The,Earl of Minto,,Excepted Hereditary,Conservative
2570,Lord Mitchell,Mitchell,,,Life peer,Labour
4335,Baroness Mobarik,Mobarik,,,Life peer,Conservative
5401,Lord Mohammed of Tinsley,Mohammed,of Tinsley,,Life peer,Liberal Democrat
5020,Baroness Monckton of Dallington Forest,Monckton,of Dallington Forest,,Life peer,Conservative
4186,Lord Monks,Monks,,,Life peer,Labour
4891,Lord Moore of Etchingham,Moore,of Etchingham,,Life peer,Non-affiliated
5374,Lord Moraes,Moraes,,,Life peer,Labour
2555,Lord Morgan,Morgan,,,Life peer,Labour
4027,Baroness Morgan of Cotes,Morgan,of Cotes,,Life peer,Non-affiliated
3685,Baroness Morgan of Drefelin,Morgan,of Drefelin,,Life peer,Labour
2168,Baroness Morgan of Huyton,Morgan,of Huyton,,Life peer,Labour
3681,Baroness Morris of Bolton,Morris,of Bolton,,Life peer,Conservative
305,Baroness Morris of Yardley,Morris,of Yardley,,Life peer,Labour
4881,Baroness Morrissey,Morrissey,,,Life peer,Conservative
3795,Lord Morrow,Morrow,,,Life peer,Democratic Unionist Party
4914,Lord Morse,Morse,,,Life peer,Crossbench
4984,Lord Mott,Mott,,,Life peer,Conservative
4539,Lord Mountevans,Mountevans,,,Excepted Hereditary,Crossbench
4883,Lord Moylan,Moylan,,,Life peer,Conservative
924,Lord Moynihan,Moynihan,,,Excepted Hereditary,Conservative
5007,Lord Moynihan of Chelsea,Moynihan,of Chelsea,,Life peer,Conservative
4968,Baroness Moyo,Moyo,,,Life peer,Non-affiliated
546,Lord Murphy of Torfaen,Murphy,of Torfaen,,Life peer,Labour
4950,Lord Murray of Blidworth,Murray,of Blidworth,,Life peer,Conservative
1251,Lord Naseby,Naseby,,,Life peer,Conservative
4270,Lord Nash,Nash,,,Life peer,Conservative
3690,Baroness Neuberger,Neuberger,,,Life peer,Crossbench
3827,Lord Neuberger of Abbotsbury,Neuberger,of Abbotsbury,,Life Peer (judicial),Crossbench
3840,Baroness Neville-Jones,Neville-Jones,,,Life peer,Conservative
4284,Baroness Neville-Rolfe,Neville-Rolfe,,,Life peer,Conservative
1916,Lord Newby,Newby,,,Life peer,Liberal Democrat
4996,The Lord Bishop of Newcastle,The,Lord Bishop of Newcastle,,Bishops,Bishops
4177,Baroness Newlove,Newlove,,,Life peer,Conservative
5393,Baroness Nichols of Selby,Nichols,of Selby,,Life peer,Labour
1164,Baroness Nicholson of Winterbourne,Nicholson,of Winterbourne,,Life peer,Conservative
2554,Baroness Noakes,Noakes,,,Life peer,Conservative
2194,The Duke of Norfolk,The,Duke of Norfolk,,Excepted Hereditary,Crossbench
3191,Lord Northbrook,Northbrook,,,Excepted Hereditary,Conservative
2539,Baroness Northover,Northover,,,Life peer,Liberal Democrat
3187,Lord Norton of Louth,Norton,of Louth,,Life peer,Conservative
4999,The Lord Bishop of Norwich,The,Lord Bishop of Norwich,,Bishops,Bishops
4180,Baroness Nye,Nye,,,Life peer,Labour
2536,Lord Oakeshott of Seagrove Bay,Oakeshott,of Seagrove Bay,,Life peer,Non-affiliated
4549,Lord Oates,Oates,,,Life peer,Liberal Democrat
4255,Lord O'Donnell,O'Donnell,,,Life peer,Crossbench
4931,Lord Offord of Garvel,Offord,of Garvel,,Life peer,Conservative
4977,Baroness O'Grady of Upper Holloway,O'Grady,of Upper Holloway,,Life peer,Labour
3902,Baroness O'Loan,O'Loan,,,Life peer,Crossbench
2441,Baroness O'Neill of Bengarve,O'Neill,of Bengarve,,Life peer,Crossbench
4967,Baroness O'Neill of Bexley,O'Neill,of Bexley,,Life peer,Conservative
4536,Lord O'Neill of Gatley,O'Neill,of Gatley,,Life peer,Crossbench
4711,Baroness Osamor,Osamor,,,Life peer,Labour
4545,Lord O'Shaughnessy,O'Shaughnessy,,,Life peer,Conservative
4990,Baroness Owen of Alderley Edge,Owen,of Alderley Edge,,Life peer,Conservative
4279,The Lord Bishop of Oxford,The,Lord Bishop of Oxford,,Bishops,Bishops
4343,The Earl of Oxford and Asquith,The,Earl of Oxford and Asquith,,Excepted Hereditary,Crossbench
5389,Lord Pack,Pack,,,Life peer,Liberal Democrat
4288,Lord Paddick,Paddick,,,Life peer,Non-affiliated
4214,Lord Palmer of Childs Hill,Palmer,of Childs Hill,,Life peer,Liberal Democrat
3870,Lord Pannick,Pannick,,,Life peer,Crossbench
2545,Lord Parekh,Parekh,,,Life peer,Labour
4910,Lord Parker of Minsmere,Parker,of Minsmere,,Life peer,Crossbench
4728,Lord Parkinson of Whitley Bay,Parkinson,of Whitley Bay,,Life peer,Conservative
4178,Baroness Parminter,Parminter,,,Life peer,Liberal Democrat
2443,Lord Patel,Patel,,,Life peer,Crossbench
3798,Lord Patel of Bradford,Patel,of Bradford,,Life peer,Non-affiliated
1137,Lord Patten,Patten,,,Life peer,Conservative
1136,Lord Patten of Barnes,Patten,of Barnes,,Life peer,Conservative
3163,Lord Paul,Paul,,,Life peer,Non-affiliated
4975,Lord Peach,Peach,,,Life peer,Crossbench
3153,Lord Pearson of Rannoch,Pearson,of Rannoch,,Life peer,Non-affiliated
3161,Earl Peel,Peel,,,Excepted Hereditary,Crossbench
4726,Baroness Penn,Penn,,,Life peer,Conservative
5371,The Lord Bishop of Peterborough,The,Lord Bishop of Peterborough,,Bishops,Bishops
5015,Lord Petitgas,Petitgas,,,Life peer,Conservative
2439,Lord Phillips of Worth Matravers,Phillips,of Worth Matravers,,Life Peer (judicial),Crossbench
33,Lord Pickles,Pickles,,,Life peer,Conservative
4552,Baroness Pidding,Pidding,,,Life peer,Conservative
5366,Baroness Pidgeon,Pidgeon,,,Life peer,Liberal Democrat
4341,Baroness Pinnock,Pinnock,,,Life peer,Liberal Democrat
3179,Baroness Pitkeathley,Pitkeathley,,,Life peer,Labour
5384,Lord Pitkeathley of Camden Town,Pitkeathley,of Camden Town,,Life peer,Labour
4547,Lord Polak,Polak,,,Life peer,Conservative
3154,Lord Ponsonby of Shulbrede,Ponsonby,of Shulbrede,,Life peer,Labour
4173,Lord Popat,Popat,,,Life peer,Conservative
5009,Baroness Porter of Fulwood,Porter,of Fulwood,,Life peer,Conservative
4555,Lord Porter of Spalding,Porter,of Spalding,,Life peer,Conservative
2527,Lord Powell of Bayswater,Powell,of Bayswater,,Life peer,Crossbench
2476,Baroness Prashar,Prashar,,,Life peer,Crossbench
4401,Baroness Prentis of Banbury,Prentis,of Banbury,,Life peer,Conservative
4974,Lord Prentis of Leeds,Prentis,of Leeds,,Life peer,Labour
4570,Lord Price,Price,,,Life peer,Conservative
217,Baroness Primarolo,Primarolo,,,Life peer,Labour
127,Lord Prior of Brampton,Prior,of Brampton,,Life peer,Conservative
3684,Baroness Prosser,Prosser,,,Life peer,Labour
4293,Lord Purvis of Tweed,Purvis,of Tweed,,Life peer,Liberal Democrat
5400,Baroness Rafferty,Rafferty,,,Life peer,Labour
3276,Baroness Ramsay of Cartvale,Ramsay,of Cartvale,,Life peer,Labour
5022,Baroness Ramsey of Wall Heath,Ramsey,of Wall Heath,,Life peer,Labour
209,Lord Randall of Uxbridge,Randall,of Uxbridge,,Life peer,Conservative
4729,Lord Ranger,Ranger,,,Life peer,Conservative
4989,Lord Ranger of Northwood,Ranger,of Northwood,,Life peer,Conservative
5388,Lord Raval,Raval,,,Life peer,Labour
4715,Lord Ravensdale,Ravensdale,,,Excepted Hereditary,Crossbench
3278,Baroness Rawlings,Rawlings,,,Life peer,Conservative
3275,Lord Razzall,Razzall,,,Life peer,Liberal Democrat
4713,Lord Reay,Reay,,,Excepted Hereditary,Conservative
4332,Baroness Rebuck,Rebuck,,,Life peer,Labour
3271,Lord Redesdale,Redesdale,,,Life peer,Non-affiliated
4551,Baroness Redfern,Redfern,,,Life peer,Conservative
5397,Lord Rees of Easton,Rees,of Easton,,Life peer,Labour
3751,Lord Rees of Ludlow,Rees,of Ludlow,,Life peer,Crossbench
617,Lord Reid of Cardowan,Reid,of Cardowan,,Life peer,Labour
4946,Lord Remnant,Remnant,,,Excepted Hereditary,Conservative
2484,Lord Rennard,Rennard,,,Life peer,Liberal Democrat
4317,Lord Richards of Herstmonceux,Richards,of Herstmonceux,,Life peer,Crossbench
4587,Lord Ricketts,Ricketts,,,Life peer,Crossbench
139,Lord Risby,Risby,,,Life peer,Conservative
4130,Baroness Ritchie of Downpatrick,Ritchie,of Downpatrick,,Life peer,Labour
334,Lord Robathan,Robathan,,,Life peer,Conservative
4961,Lord Roberts of Belgravia,Roberts,of Belgravia,,Life peer,Conservative
3691,Lord Roberts of Llandudno,Roberts,of Llandudno,,Life peer,Liberal Democrat
672,Lord Robertson of Port Ellen,Robertson,of Port Ellen,,Life peer,Labour
4953,Lord Roborough,Roborough,,,Excepted Hereditary,Conservative
4556,Baroness Rock,Rock,,,Life peer,Conservative
2478,Lord Rogan,Rogan,,,Life peer,Ulster Unionist Party
5378,Lord Rook,Rook,,,Life peer,Labour
302,Lord Rooker,Rooker,,,Life peer,Labour
4326,Lord Rose of Monewden,Rose,of Monewden,,Life peer,Conservative
4992,Lord Rosenfield,Rosenfield,,,Life peer,Non-affiliated
3135,The Earl of Rosslyn,The,Earl of Rosslyn,,Excepted Hereditary,Crossbench
554,Lord Rowlands,Rowlands,,,Life peer,Labour
3703,Baroness Royall of Blaisdon,Royall,of Blaisdon,,Life peer,Labour
4983,Earl Russell,Russell,,,Excepted Hereditary,Liberal Democrat
2134,Lord Russell of Liverpool,Russell,of Liverpool,,Excepted Hereditary,Crossbench
2154,Lord Saatchi,Saatchi,,,Life peer,Conservative
4963,Lord Sahota,Sahota,,,Life peer,Labour
4727,Baroness Sanderson of Welton,Sanderson,of Welton,,Life peer,Conservative
4920,Lord Sandhurst,Sandhurst,,,Excepted Hereditary,Conservative
4882,Lord Sarfraz,Sarfraz,,,Life peer,Conservative
4146,Lord Sassoon,Sassoon,,,Life peer,Conservative
4700,Baroness Sater,Sater,,,Life peer,Conservative
2099,Baroness Scotland of Asthal,Scotland,of Asthal,,Life peer,Labour
4553,Baroness Scott of Bybrook,Scott,of Bybrook,,Life peer,Conservative
2542,Baroness Scott of Needham Market,Scott,of Needham Market,,Life peer,Liberal Democrat
4333,Lord Scriven,Scriven,,,Life peer,Liberal Democrat
2097,Baroness Seccombe,Seccombe,,,Life peer,Conservative
4886,Lord Sedwill,Sedwill,,,Life peer,Crossbench
3762,Lord Sentamu,Sentamu,,,Life peer,Crossbench
4978,Lord Sewell of Sanderstead,Sewell,of Sanderstead,,Life peer,Conservative
4198,Baroness Shackleton of Belgravia,Shackleton,of Belgravia,,Life peer,Conservative
4894,Baroness Shafik,Shafik,,,Life peer,Crossbench
5013,Lord Shamash,Shamash,,,Life peer,Labour
4196,Lord Sharkey,Sharkey,,,Life peer,Liberal Democrat
4014,Lord Sharma,Sharma,,,Life peer,Conservative
4888,Lord Sharpe of Epsom,Sharpe,of Epsom,,Life peer,Conservative
5406,Baroness Shawcross-Wolfson,Shawcross-Wolfson,,,Life peer,Conservative
4548,Baroness Sheehan,Sheehan,,,Life peer,Liberal Democrat
4980,The Lord Bishop of Sheffield,The,Lord Bishop of Sheffield,,Bishops,Bishops
132,Baroness Shephard of Northwold,Shephard,of Northwold,,Life peer,Conservative
4287,Lord Sherbourne of Didsbury,Sherbourne,of Didsbury,,Life peer,Conservative
4147,Baroness Sherlock,Sherlock,,,Life peer,Labour
4325,Baroness Shields,Shields,,,Life peer,Conservative
4557,Lord Shinkwin,Shinkwin,,,Life peer,Conservative
4176,Lord Shipley,Shipley,,,Life peer,Liberal Democrat
2147,The Earl of Shrewsbury,The,Earl of Shrewsbury,,Excepted Hereditary,Conservative
4885,Lord Sikka,Sikka,,,Life peer,Labour
4251,Lord Singh of Wimbledon,Singh,of Wimbledon,,Life peer,Crossbench
3120,Lord Skidelsky,Skidelsky,,,Life peer,Crossbench
4170,Baroness Smith of Basildon,Smith,of Basildon,,Life peer,Labour
5370,Baroness Smith of Cluny,Smith,of Cluny,,Life peer,Labour
186,Lord Smith of Finsbury,Smith,of Finsbury,,Life peer,Labour
4542,Lord Smith of Hindhead,Smith,of Hindhead,,Life peer,Conservative
3856,Lord Smith of Kelvin,Smith,of Kelvin,,Life peer,Crossbench
5023,Baroness Smith of Llanfaes,Smith,of Llanfaes,,Life peer,Plaid Cymru
269,Baroness Smith of Malvern,Smith,of Malvern,,Life peer,Labour
4323,Baroness Smith of Newnham,Smith,of Newnham,,Life peer,Liberal Democrat
319,Lord Snape,Snape,,,Life peer,Labour
116,Lord Soames of Fletching,Soames,of Fletching,,Life peer,Conservative
3147,The Duke of Somerset,The,Duke of Somerset,,Excepted Hereditary,Crossbench
4345,The Lord Bishop of Southwark,The,Lord Bishop of Southwark,,Bishops,Bishops
4940,The Lord Bishop of Southwell and Nottingham,The,Lord Bishop of Southwell and Nottingham,,Bishops,Bishops
318,Lord Spellar,Spellar,,,Life peer,Labour
4892,Lord Spencer of Alresford,Spencer,of Alresford,,Life peer,Conservative
5404,Baroness Spielman,Spielman,,,Life peer,Conservative
2155,Lord St John of Bletso,St,John of Bletso,,Excepted Hereditary,Crossbench
3137,The Earl of Stair,The,Earl of Stair,,Excepted Hereditary,Crossbench
4925,Viscount Stansgate,Stansgate,,,Excepted Hereditary,Labour
4174,Baroness Stedman-Scott,Stedman-Scott,,,Life peer,Conservative
4239,Lord Stephen,Stephen,,,Life peer,Liberal Democrat
2228,Lord Sterling of Plaistow,Sterling,of Plaistow,,Life peer,Conservative
2475,Baroness Stern,Stern,,,Life peer,Crossbench
3846,Lord Stern of Brentford,Stern,of Brentford,,Life peer,Crossbench
4924,Lord Stevens of Birmingham,Stevens,of Birmingham,,Life peer,Crossbench
3733,Lord Stevens of Kirkwhelpington,Stevens,of Kirkwhelpington,,Life peer,Crossbench
2227,Lord Stevens of Ludgate,Stevens,of Ludgate,,Life peer,Conservative Independent
4175,Lord Stevenson of Balmacara,Stevenson,of Balmacara,,Life peer,Labour
4899,Lord Stewart of Dirleton,Stewart,of Dirleton,,Life peer,Conservative
4233,Lord Stirrup,Stirrup,,,Life peer,Crossbench
2222,Lord Stone of Blackheath,Stone,of Blackheath,,Life peer,Non-affiliated
4215,Lord Stoneham of Droxford,Stoneham,of Droxford,,Life peer,Liberal Democrat
4238,Lord Storey,Storey,,,Life peer,Liberal Democrat
4205,Baroness Stowell of Beeston,Stowell,of Beeston,,Life peer,Conservative
4204,Lord Strasburger,Strasburger,,,Life peer,Liberal Democrat
4937,Lord Strathcarron,Strathcarron,,,Excepted Hereditary,Non-affiliated
2221,Lord Strathclyde,Strathclyde,,,Excepted Hereditary,Conservative
4546,Baroness Stroud,Stroud,,,Life peer,Conservative
296,Baroness Stuart of Edgbaston,Stuart,of Edgbaston,,Life peer,Crossbench
3897,Lord Sugar,Sugar,,,Life peer,Crossbench
4584,Baroness Sugg,Sugg,,,Life peer,Conservative
4328,Lord Suri,Suri,,,Life peer,Conservative
4298,Baroness Suttie,Suttie,,,Life peer,Liberal Democrat
4985,Baroness Swinburne,Swinburne,,,Life peer,Conservative
1408,Lord Swire,Swire,,,Life peer,Conservative
2233,Baroness Symons of Vernham Dean,Symons,of Vernham Dean,,Life peer,Labour
5027,Lord Tarassenko,Tarassenko,,,Life peer,Crossbench
407,Baroness Taylor of Bolton,Taylor,of Bolton,,Life peer,Labour
228,Lord Taylor of Goss Moor,Taylor,of Goss Moor,,Life peer,Liberal Democrat
3787,Lord Taylor of Holbeach,Taylor,of Holbeach,,Life peer,Conservative
4956,Baroness Taylor of Stevenage,Taylor,of Stevenage,,Life peer,Labour
1796,Lord Taylor of Warwick,Taylor,of Warwick,,Life peer,Non-affiliated
3789,Lord Teverson,Teverson,,,Life peer,Liberal Democrat
4309,Lord Thomas of Cwmgiedd,Thomas,of Cwmgiedd,,Life peer,Crossbench
1804,Lord Thomas of Gresford,Thomas,of Gresford,,Life peer,Liberal Democrat
3785,Baroness Thomas of Winchester,Thomas,of Winchester,,Life peer,Liberal Democrat
4558,Baroness Thornhill,Thornhill,,,Life peer,Liberal Democrat
1782,Baroness Thornton,Thornton,,,Life peer,Labour
4353,Lord Thurlow,Thurlow,,,Excepted Hereditary,Crossbench
1399,Viscount Thurso,Thurso,,,Excepted Hereditary,Liberal Democrat
5364,Lord Timpson,Timpson,,,Life peer,Labour
1703,Lord Tope,Tope,,,Life peer,Liberal Democrat
542,Lord Touhig,Touhig,,,Life peer,Labour
4260,Lord Trees,Trees,,,Life peer,Crossbench
1813,Lord Trefgarne,Trefgarne,,,Excepted Hereditary,Conservative
1829,Viscount Trenchard,Trenchard,,,Excepted Hereditary,Conservative
4560,Lord Trevethin and Oaksey,Trevethin,and Oaksey,,Excepted Hereditary,Crossbench
3651,Lord Triesman,Triesman,,,Life peer,Labour
4200,Lord True,True,,,Life peer,Conservative
3682,Lord Truscott,Truscott,,,Life peer,Non-affiliated
1705,Lord Tugendhat,Tugendhat,,,Life peer,Conservative
3671,Lord Tunnicliffe,Tunnicliffe,,,Life peer,Labour
2537,Lord Turnberg,Turnberg,,,Life peer,Labour
3758,Lord Turnbull,Turnbull,,,Life peer,Crossbench
3752,Lord Turner of Ecchinswell,Turner,of Ecchinswell,,Life peer,Crossbench
4966,Baroness Twycross,Twycross,,,Life peer,Labour
4231,Baroness Tyler of Enfield,Tyler,of Enfield,,Life peer,Liberal Democrat
112,Lord Tyrie,Tyrie,,,Life peer,Non-affiliated
1827,Baroness Uddin,Uddin,,,Life peer,Non-affiliated
4898,Lord Udny-Lister,Udny-Lister,,,Life peer,Conservative
1580,Lord Vaizey of Didcot,Vaizey,of Didcot,,Life peer,Conservative
3757,Baroness Valentine,Valentine,,,Life peer,Crossbench
5363,Lord Vallance of Balham,Vallance,of Balham,,Life peer,Labour
4687,Lord Vaux of Harrowden,Vaux,of Harrowden,,Excepted Hereditary,Crossbench
4962,Lord Verdirame,Verdirame,,,Life peer,Non-affiliated
4580,Baroness Vere of Norbiton,Vere,of Norbiton,,Life peer,Conservative
4299,Lord Verjee,Verjee,,,Life peer,Liberal Democrat
3790,Baroness Verma,Verma,,,Life peer,Conservative
1278,Lord Wakeham,Wakeham,,,Life peer,Conservative
957,Lord Waldegrave of North Hill,Waldegrave,of North Hill,,Life peer,Conservative
3825,Lord Walker of Aldringham,Walker,of Aldringham,,Life peer,Crossbench
1816,Lord Wallace of Saltaire,Wallace,of Saltaire,,Life peer,Liberal Democrat
630,Lord Wallace of Tankerness,Wallace,of Tankerness,,Life peer,Liberal Democrat
2547,Baroness Walmsley,Walmsley,,,Life peer,Liberal Democrat
3917,Lord Walney,Walney,,,Life peer,Crossbench
3839,Baroness Warsi,Warsi,,,Life peer,Non-affiliated
2471,Baroness Warwick of Undercliffe,Warwick,of Undercliffe,,Life peer,Labour
4207,Lord Wasserman,Wasserman,,,Life peer,Conservative
4566,Baroness Watkins of Tavistock,Watkins,of Tavistock,,Life peer,Crossbench
1241,Lord Watson of Invergowrie,Watson,of Invergowrie,,Life peer,Labour
1463,Lord Watson of Wyre Forest,Watson,of Wyre Forest,,Life peer,Labour
489,Lord Watts,Watts,,,Life peer,Labour
4145,Lord Wei,Wei,,,Life peer,Conservative
4970,Lord Weir of Ballyholme,Weir,of Ballyholme,,Life peer,Democratic Unionist Party
4541,The Duke of Wellington,The,Duke of Wellington,,Excepted Hereditary,Crossbench
3834,Lord West of Spithead,West,of Spithead,,Life peer,Labour
4123,Lord Wharton of Yarm,Wharton,of Yarm,,Life peer,Conservative
4199,Baroness Wheatcroft,Wheatcroft,,,Life peer,Crossbench
4157,Baroness Wheeler,Wheeler,,,Life peer,Labour
2510,Baroness Whitaker,Whitaker,,,Life peer,Labour
4292,Lord Whitby,Whitby,,,Life peer,Conservative
5409,Baroness White of Tufnell Park,White,of Tufnell Park,,Life peer,Crossbench
2444,Lord Whitty,Whitty,,,Life peer,Labour
547,Lord Wigley,Wigley,,,Life peer,Plaid Cymru
4730,Baroness Wilcox of Newport,Wilcox,of Newport,,Life peer,Labour
53,Lord Willetts,Willetts,,,Life peer,Conservative
4311,Baroness Williams of Trafford,Williams,of Trafford,,Life peer,Conservative
4151,Lord Willis of Knaresborough,Willis,of Knaresborough,,Life peer,Liberal Democrat
4945,Baroness Willis of Summertown,Willis,of Summertown,,Life peer,Crossbench
260,Lord Wills,Wills,,,Life peer,Labour
2206,Lord Wilson of Dinton,Wilson,of Dinton,,Life peer,Crossbench
1603,Lord Wilson of Sedgefield,Wilson,of Sedgefield,,Life peer,Labour
5004,The Lord Bishop of Winchester,The,Lord Bishop of Winchester,,Bishops,Bishops
1770,Lord Winston,Winston,,,Life peer,Labour
390,Baroness Winterton of Doncaster,Winterton,of Doncaster,,Life peer,Labour
4347,Baroness Wolf of Dulwich,Wolf,of Dulwich,,Life peer,Crossbench
4152,Lord Wolfson of Aspley Guise,Wolfson,of Aspley Guise,,Life peer,Conservative
4901,Lord Wolfson of Tredegar,Wolfson,of Tredegar,,Life peer,Conservative
4217,Lord Wood of Anfield,Wood,of Anfield,,Life peer,Labour
4897,Lord Woodley,Woodley,,,Life peer,Labour
1773,Lord Woolf,Woolf,,,Life Peer (judicial),Crossbench
4722,Lord Woolley of Woodford,Woolley,of Woodford,,Life peer,Crossbench
965,Lord Wrigglesworth,Wrigglesworth,,,Life peer,Liberal Democrat
1746,Lord Wrottesley,Wrottesley,,,Excepted Hereditary,Conservative
4685,Baroness Wyld,Wyld,,,Life peer,Conservative
4315,The Lord Archbishop of York,The,Lord Archbishop of York,,Bishops,Bishops
5379,Lord Young of Acton,Young,of Acton,,Life peer,Conservative
57,Lord Young of Cookham,Young,of Cookham,,Life peer,Conservative
3696,Baroness Young of Hornsey,Young,of Hornsey,,Life peer,Crossbench
3702,Lord Young of Norwood Green,Young,of Norwood Green,,Life peer,Labour
1755,Baroness Young of Old Scone,Young,of Old Scone,,Life peer,Labour
4982,Lord Young of Old Windsor,Young,of Old Windsor,,Life peer,Crossbench
4169,Viscount Younger of Leckie,Younger,of Leckie,,Excepted Hereditary,Conservative
